node_id,latitude,longitude
0,10.0,76.0
1,10.0,77.0
2,10.0,78.0
3,10.0,79.0
4,10.0,80.0
5,10.0,81.0
6,10.5,76.0
7,10.5,77.0
8,10.5,78.0
9,10.5,79.0
10,10.5,80.0
11,10.5,81.0
12,11.0,76.0
13,11.0,77.0
14,11.0,78.0
15,11.0,79.0
16,11.0,80.0
17,11.0,81.0
18,11.5,76.0
19,11.5,77.0
20,11.5,78.0
21,11.5,79.0
22,11.5,80.0
23,11.5,81.0
24,12.0,76.0
25,12.0,77.0
26,12.0,78.0
27,12.0,79.0
28,12.0,80.0
29,12.0,81.0
30,12.5,76.0
31,12.5,77.0
32,12.5,78.0
33,12.5,79.0
34,12.5,80.0
35,12.5,81.0
36,13.0,76.0
37,13.0,77.0
38,13.0,78.0
39,13.0,79.0
40,13.0,80.0
41,13.0,81.0
42,13.5,76.0
43,13.5,77.0
44,13.5,78.0
45,13.5,79.0
46,13.5,80.0
47,13.5,81.0
48,14.0,76.0
49,14.0,77.0
50,14.0,78.0
51,14.0,79.0
52,14.0,80.0
53,14.0,81.0
54,14.5,76.0
55,14.5,77.0
56,14.5,78.0
57,14.5,79.0
58,14.5,80.0
59,14.5,81.0
60,15.0,76.0
61,15.0,77.0
62,15.0,78.0
63,15.0,79.0
64,15.0,80.0
65,15.0,81.0
